Tweets,Polarity,Sentiments,Month
Isupportdelhipolice Don t worry delhi police is just killing corona virus student,0.0,Neutral,02
I FEEL GSTR 9 GSTR 9 C IS MORE DEADLY THAN CORONA VIRUS,0.15,Positive,02
The fact about Azim Premi donation to fight against corona rathee FakeNewsMedia,0.0,Neutral,03
No any scientist is in The wolrd who can make Corona drug what all scholar are fail to use their knowledge they made everything for human being The world must think upon higher education,-0.08333333333333333,Negative,03
Not a single leader will distribute a single sanitizer or masque in has area to deal with Corona alcohol and the money will be sheard as soon the election comes,-0.017857142857142856,Negative,03
Being a student did my small bit for supporting your move towards helping the nation tackle the current situation due to corona PMCARES,-0.03125,Negative,03
Suppose our dear Prime Minister Narendra Modi as we are all going through a very bad phase the main reason for this is that Corona is virous due to which our whole house is busy in defeating Corona With this we will win,0.03861111111111113,Positive,03
After watching situation at annand vihar station I must say sir you put india towards third stage of corona virus IND,0.0,Neutral,03
You are a true hero sir How many times will you win the same heart I am a big fan of yours and thank you very much for this help Jay ho corona ko hrana hai,0.3183333333333333,Positive,03
Juss a little Donation For ji for PMCARES to Fight Corona Virus please accept the little Donation IndiaFightsCorona,-0.1875,Negative,03
My Secret Terrius a South Korean webseries broadcasted on Netflix in 2018 clearly stated about this virus COVID19 or CORONA China altered a normal influenza virus into a mutant virus and it s a bloody lethal weapon against competing economies BloodyChina CoronaLockdown,-0.2375,Negative,03
Lockdown21days be safe at your home India fights Corona virus covid 19,0.5,Positive,03
Some people are misbehaving with north east Indians who look like chinese calling them CORONA I think this is the peak of illiteracy shown ever stop racism,0.0,Neutral,03
Corona virus effect please rules follow,0.0,Neutral,03
GharParRahen 21 days lock down covid 19 Corona virus please friends apne ghar me hi or safe rahe be Safe at your home india fights Corona virus,0.2814814814814815,Positive,03
stop saying corona just called chinese virus,0.0,Neutral,03
World is in danger due to ChineseVirus This not just the irresponsibility or negligence of China only WHO is also equally entitled Reason being why he declare Corona as Pandemic so late on 11th march COVIDIDIOT CoronaVillains,-0.10625,Negative,03
plz do smthing sr ye log corona se pahle bhukhe mare jayenge,0.0,Neutral,03
Sir as you told that we have to stay at our home until we get victory on this epidemic corona but i have a question whoever are not having domestic reqired things how they can be served thier life u r requested to provide such facility among us from ghorichak godda jharkh,0.0,Neutral,03
Yep but when will issue reslove I m sending snapshot B a champion pandemic Together we can pls restore the trust,0.0,Neutral,03
the novel Corona virus is more dengerous to the senior citizens so please take help the young youth to find out the Corona patent from far vellages rather than people who are more than 55 Your young youth are waiting for your comments,0.26,Positive,03
How many people have been killed by this terrorist corona virus Pray to God to protect the world s people from this dangerous terrorist corona virus,-0.1,Negative,03
This is the situations in lockdown thats how india fight against corona Please i requst to police team to do something i request you to report in my village nonihat jharkhand,0.0,Neutral,03
1500 Deaths within 2 Days In Italy Corona Is not a Joke,0.0,Neutral,03
Corona Virus The Silent Killer,0.0,Neutral,03
India fight corona virus Be Safe At Your Home,0.5,Positive,03
Hazaribagh jeetega Corona harega Stand United stay home save lives says the sand Hazaribaghfightcorona IndiaFightsCorona SocialDistancingSavesLives Hazaribag INDIA,0.0,Neutral,03
Thank you sir we hope we defeat corona in your great leader ship,0.8,Positive,03
Ranchi Khunti Mask at rural khunti at pharmacy and actual price 35 only how to day 21 day expend 6000 thousand only for this protection from corona,0.0,Neutral,03
It is searching continuously in corona service of the respected member of parliament respected MLA amp the madam of respected Mayer of Palamau Is it option to choose Drs in next,0.0,Neutral,03
If we really want to fight against the viral virus then we have to take the oath of Now or Never IndiaFightsCorona CoronavirusLockdown 21daysLockdown StayAtHomeSaveLives coronavirusindia corona defeat GoCoronaGo,0.2,Positive,03
Now I m confident that this evil of Corona will be completely eliminated from Bharat CompleteLockdown THANKYOUMODIJI,-0.13333333333333333,Negative,03
Thank you so much to all medical personnels all around globe who are fighting against Deadly Corona Virus Corona CoronavirusLockdown PMModiOnCorona,0.0,Neutral,03
Whosoever Making fun of Indian medical staff and facilities won t sufficient for coronavirusindia please don t take them seriously They are anti nationalist because instead of spreading awareness against Corona they are spreading weakness of India COVIDIOTS ILoveMyIndia,-0.011111111111111108,Negative,03
Becoz China want destroy all over world through Corona Virus,-0.2,Negative,03
We are battling with corona virus and we have no option then converting our worries into worship Let us see weather this battle turns into blessing,0.0,Neutral,03
hounarable pm namasakar sir I think lockdown and curfew is not enough to control corona virus Because in 144 section 5 people can stand one place it can be change rule for sometime in which maximum two people is not stand one place thank you,0.0,Neutral,03
fintech is no exception to the Corona outbreak The pandemic has enough chaos amidst which FinTech companies are concerned if the customers would pay back their loans They can halt the lenders out momentarily but still need to do a lot for solving the crisis 100DaysOfCode,0.0,Neutral,03
here in jharkhand no one is concerned about corona virus please take action,0.1,Positive,03
please control the public to prevents from corona virus spred,0.0,Neutral,03
Respected sir your action is appreciating but some person not fill the seriousness of corona kindly taken hard amp fast action if required curfew kindly apply it thanks amp regards,0.21547619047619046,Positive,03
the Janta curfew was awsm to prwvent the spread of t hi is corona virus U r great and the guidance of u for the country India is beyond imagination Thnk u modi ji and thank gof for gifting such an amazing person as the PM of India India ll never get PM like u,0.4666666666666667,Positive,03
The whole satgawan taken part in JantaCurfew and peopleare stayed in their homes and supported it and in the evening all have come together for making sound Corona Covid 19india covid 19,0.30000000000000004,Positive,03
5baje5minute Family My 8 yo niece trying off her bell ringing skills to support you in this beatiful initiative ji We are all united in this war against corona IndiaFightsCorona IndiaFightsCorona IndiaComeTogether Covid 19india,0.0,Neutral,03
fighting for corona virus,0.0,Neutral,03
Go corona A tribute to all the doctors who are helping us for curing corona patients proud salutemodi A vedio captured in patel nagar Hatia Ranchi,0.8,Positive,03
Go corona go,0.0,Neutral,03
Applauding Corona service personnel in the city at 5pm in telco colony Jamshedpur,0.0,Neutral,03
JantaCurfewMarch22 JantaCurfew JantaCurfewChallenge NarendraModi BJP BJPFightCoronaSeriously CoronaChainScare corona India IndiaFightsCorona Jharkhand JantaCurfewDay SUCCESSFUL JANTA CURFEW ON 22 3 2020 IN BACHRA 829201 JHARKHAND NO ONE ON THE ROAD,0.75,Positive,03
Tilak that paste It was in dream and in every tulsi plant u will get it till 25th of this month only corona will not effect,0.0,Neutral,03
The Corona Virus can t come to your home until you go out of your home to take it yourself Now the decision is in your hands March 22 People should support the Janta Curfew,0.0,Neutral,03
It all started with solar Eclipse in December CAA protests and Corona during that very time started fatalities 23rd to 30th March is most disturbing as Mars will accompany Saturn in Makar Hope things will ease out from 30th onwards when Jupiter transits the same house Take care,0.04999999999999999,Positive,03
Corona Appeal Corona Prevent CoronavirusOutbreakindia CoronaChainScare KanikaCoronaRow Corona StaySafeStayHome MinistryofHealth,0.0,Neutral,03
They would test me HIV rather than Corona,0.0,Neutral,03
Breaking Italy has requested Indian govt to send Healing Pastors to cure Corona MHA has issued a lookout notice to find them And Healing Pastors are looking for nuns for their rendezvous,0.0,Neutral,03
Sir If we teaching and non teaching staffs attend institution then how can we prevent covid19 corona Please close all institution,0.0,Neutral,03
Why did we mess up beautifulnature Corona IFS Wldlife India,-0.175,Negative,03
Great decision for Corona virus,0.8,Positive,03
How can calling spade a spade be hateful speech It is a Chinese virus whether someone likes it or not CoronavirusOutbreak ChineseVirus WuhanVirus coronavirusindia Coronaindia CoronavirusPandemic Corona coronausa,0.0,Neutral,03
Meanwhile in Lahore a terrorist blows up his own house after the Pakistan Government issued a Work From Home advisory to it s citizens CoronavirusOutbreak coronavirusindia Corona coronavirusinpakistan COVID2019 coronapocolypse,0.6,Positive,03
These R methods to reduce corona in Extra High Voltage Transmission lines In MEDICAL terms what R these,0.05333333333333334,Positive,03
We studied Corona Effect in Extra High Voltage Transmission lines in Electrical Engineering PowerSystem Now this CORONA has become a medical term In Engineering we knew the methods to overcome it now Medical Students R doing it So CORONA is omnipresent,0.04,Positive,03
Thanks To Paramilitary Forces Indian Army Police Personnel Etc Deployed At Airports Bus Stand Traffic Signal Railway Station etc They Are Continuously Doing Their Great Work For Our Safety Despite Corona Virus Fear They Are At High Risk But For Them Nation First coronaVirus at Ramgarh,0.3525,Positive,03
Namaste trump is this better idea for Corona virus,0.5,Positive,03
Wish IndiaVsCorona NamasteCorona coronavirusinindia CoronaPolitics COVID19india Corona COVID COVID19,0.0,Neutral,03
Dear HR I am suffering from corona virus and request you to grant me paid leave for 20days Otherwise I will come to office Corona coronavirusinindia CoronaAlert WednesdayWisdom WednesdayMotivation HRTech 100DaysOfCode 301DaysOfCode BusinessPerformance,0.0,Neutral,03
It s a challenge for the government to make safety things against corona disaster Affecting IT sector more than any other sector CoronaVirusChallenge,0.1875,Positive,03
This is a breaking news in whole world Today make latest Question in jharkhand 11th first year exam Corona virus,0.31666666666666665,Positive,03
Let s fight against covid 19,0.0,Neutral,03
jayantsinha NarendraModi PMCaresFunds I contributed a small amount in fighting nation from covid 19 it is small but every people live inside their home this contribution also play a vitial role to the needy people in their food,-0.12121212121212123,Negative,03
2014 2020 Honorable PM Shri Modi Sir implemented many schemes in INDIA which are excellent weapons to fight with COVID 19 in LOCKDOWN 1 Swachh Bharat Abhiyan 2 Ayushman Bharat Yojana 3 Jan Dhan Yojana Hats off to PM WEWILLDEFINITELYWIN,0.75,Positive,03
A small tribute to those who lost their life due to COVID 19 pandemic and salute to the medical staffs and government officials around the globe who are continuously helping and fighting against this disease,-0.125,Negative,03
It is for each life that can be saved that can be fed My contribution to the idea of INDIA 101 Rs PMReliefFund CoronaUpdate COVID,0.0,Neutral,03
A patient suspected of COVID dies attendant s beat up the doctor tear his mask and misbehave with nursing staff They were keeping the Patient at home until things got serious and hiding her travel history GodSaveUs COVID2019india COVID2019india COVIDIOTS,-0.06666666666666665,Negative,03
Day 8 of quarantine 21day lockdown Covid 19india,0.0,Neutral,03
In our Jharkhand on any one case of covid 19 said that the hm of Jharkhand baba Gupta,0.0,Neutral,03
Have you heard there is something call Covid 19 amp emergency and one should act n even talk responsibly ChineseVirus,0.2,Positive,03
Asia s famous cricket board donation to combat COVID19 PakistanCricketBoard Rs 5 Million BangladeshTeam Nearly 25 lakhs taka BCCI 51 Crore or 6 8Million USD See AntiNational where your favourite team stands against BCCI Do not try to put India down Cricket Covid 19,0.14814814814814814,Positive,03
LBSSNA association also decides to contribute Rs 15 lakhs to the PM CARES fund as its initial contribution to combat COVID 19 All members to contribute at least day s salary also Many association and rich personalities also contributing We will win this fight against COVID 19,0.275,Positive,03
Can you tell me death toll in Beijing and Shanghai due coronavirus covid 19,-0.125,Negative,03
Mahi donates 800 crores He is really a man of golden heart COVID,0.25,Positive,03
Railways ready with plan to convert coaches into isolation wards ICUs for Covid 19 patients via,0.2,Positive,03
CRS Barkakana Distribution of face mask to employees Police Officials employees of PNB SBI by GM CRS a small contribution towards prevention of Covid 2019 StayAwareStaySafe StayProtected,-0.25,Negative,03
Yeah exactly it s not humane china must take responsibility they covered the outbreak of covid 19 from whole world not even locked there border now see whole world is suffering from there ignorant behaviour shamechina,0.09166666666666667,Positive,03
Prey for Song by me against coronavirus COVID 19 Please watch and support Also hit subscribe and like button,0.0,Neutral,03
COVID 19 Are you guys agree,0.0,Neutral,03
should head China health organisation instead of WHO He was so busy praising China amp undermining the COVID 19 threat that he failed to prepare the world for what was coming ChineseVirus19 ChineseVirusCorona WuhanVirus WuhanHealthOrganisation CoronavirusLockdown,-0.2,Negative,03
Social Distancing The ingenuity of the Indian disciplined careful and filled with the observance of its duty remain safe follow instructions SocialistDistancing 21daysLockdown Covid 19india JAI HIND,0.20833333333333331,Positive,03
Everyone should know about this important information regarding COVID 19 Especially the citizens of Jharkhand In a single page you can find What to do what not to do amp 24 7 toll free helpline numbers stayhome savelives,0.1821428571428572,Positive,03
India locked down completely for next 21 days to fight coronavirus COVID 19 announces PM Modi Jai Hind,-0.018518518518518528,Negative,03
All doctors and nurses are real hero Fights against COVID 19,0.2,Positive,03
Stay Home Stay Safe Covid 19india Covid19India lockdownindia,0.5,Positive,03
Today i feel most proud of my country We all support JanataCurfew against Covid 19,0.65,Positive,03
5baje 5minute A solidarity to the nation And a unity to the brave doctors administration for making the strategy s to fight against COVID 19,0.8,Positive,03
Sirji you just give orders all 135 crore countrymen are standing with you just follow us COVID 19 will have to be defeated in all circumstances JantaCurfew Covid19India,0.0,Neutral,03
Help us to Help you COVID 19 coronavirus COVID 19 We appreciate with your work sir You go ahead we will definitely support you,0.0,Neutral,03
This is from Daltonganj Jharkhand 5baje5minute JantaCurfew JantaCurfewChallenge StayHomeStaySafe Covid 19india,0.0,Neutral,03
COVID 19 Open Research Dataset Challenge CORD 19 via COVIDIOT CoronavirusPandemic Covid 19india JanataCurfew 100DaysOfCode 100wayschallenge DataScience DataScientist Analytics Python RStats QuarantineActivities,0.0,Neutral,03
MeitY DigitalIndia Respected Sir please Stop all Services through CSC s amp Bank s CSP BC till 31st march for breaking Chain of CoronavirusPandemic COVID19outbreak Covid 19india,0.0,Neutral,03
I think JantaCurfew is not a strict rule to go outside It s is festival to spent time with your family and stop Covid 19india,-0.05,Negative,03
JantaCurfew in Simdega jharkhand Let us all be a part of this curfew which will add tremendous strength to the fight against COVID 19 menace Stay indoors and stay healthy IndiaFightsCorona INDIA,0.4166666666666666,Positive,03
People of India jointly endorse PM s Janta Curfew initiative to break the COVID 19 chain IndiaBacksJantaCurfew,0.0,Neutral,03
Spearding of covid 19 kanika kapoor to others,0.0,Neutral,03
Break the chain We fight together against Covid 19 Humanity will triumph ISupportJantaCurfew,0.0,Neutral,03
It is my suggestion to pay attention to the toll plaza in India as these points are vulnerable contact point for spreading of COVID 19 virus,-0.5,Negative,03
Listen this leader they said that covid 19 is total fake and I m ready to hug covid 19 petient what a thinking sir g This is India s leader,-0.1,Negative,03
Help us to Help you COVID 19 coronavirus COVID 19,0.0,Neutral,03
They have no impact to what is going on our country all Indian ready to fight covid 19 bt they want only government and power selfish people,-0.1,Negative,03
Almost 25 million jobs could be lost worldwide as a result of COVID 19 says COVID2019 CoronaAlert CoronaVirusUpdates JobSearch JobLoss CoronavirusOutbreak hr startups founders via,0.0,Neutral,03
Great steps taken strategically against COVID 19,0.8,Positive,03
A short while ago Our Prime Minister requested all of us to show resolve restraint in the face of COVID 19 Please also adhere to the Janta Curfew on 22nd March by staying home Stay Safe,0.25,Positive,03
Help us to Help you COVID 19 coronavirus COVID 19 INDIA,0.0,Neutral,03
Video created by dhinchak Pooja Fight against Covid 19 Help us to Help u COVID 19 coronavirus INDIA,0.0,Neutral,03
Today report to effected people in covid 19,0.0,Neutral,03
Plzzzz say thanx to Respected Nabi they gave beautiful thing to muslim women to always live in Burkha naqab it save to all virus like covid 19,0.4931818181818182,Positive,03
Don t spread roomer for covid 19 bcz police is taking action for this,0.1,Positive,03
Help us to Help you COVID 19 coronavirus COVID 19,0.0,Neutral,03
This is the definition of covid 19,0.0,Neutral,03
COVID is a Chinese virus And the onus of its spill over lies with the Chinese government,0.0,Neutral,03
Proactive action taken by our government to curtail of COVID 19 Hats off Indian authorities amp Government,0.1,Positive,03
I advise everyone to use mask handkerchief wash there hand frequently avoid going to crowded places and take all necessary measures to fight against covid 19 coronavirus,0.05,Positive,03
CoronaVirusUpdate CoronavirusPandemic Covid 19 Covid 19 is affecting the entire world But nobody is asking snd doing something about how did and why did it start Legalisation of wild animal rearing and consumption has to stop Now,0.05,Positive,03
Coronavirus COVID 19 Global Cases as tracked by Johns Hopkins University s coronavirusinindia Covid 19 COVID19 coronavirus COVID CoronavirusFrance CoronaAlert CoronaVirusSA CoronavirusOutbreak CoronaVirusIndonesia 100DaysOfCorona,0.0,Neutral,03
Not making the excuse of Covid19 making the client s module send me all uses internet date report,-0.05,Negative,03
57 F a shrimp seller identified as Patient zero believes the Chinese government could have checked the spread of the disease had it acted sooner ChinaVirus COVID19 WHOLiedPeopleDied ChineseVirusCorona coronavirusindia CoronaUpdate,0.0,Neutral,03
Love your Mother Stay at Home StayAtHomeAndStaySafe lockdownindia COVID19,0.5,Positive,03
Honorable Prime Minister Ji I m common man and I am giving my small support I am able to give only this much I am giving my nominal contribution in times of trouble in the country PMCaresFund COVID19 IndiaFightsCorona,-0.00833333333333334,Negative,03
Dear Children Let s hit the Covid19 lockdown with positivity of thoughts and creativity StayhomeStaysafe and Stay Creative DigitalArtFest for students of Class 1 to 6 21DaysChallenge Khunti,0.5,Positive,03
Dear Children Let s hit the Covid19 lockdown with positivity of thoughts and creativity StayhomeStaysafe and Stay Creative DigitalArtFest for students of Class 1 to 6 Draw Paint on given topics and send a scan photo of your artwork,0.5,Positive,03
Let s Go Cashless And let s avoid chances of spreading of coronavirus Because notes and ATMs may contain the coronavirus which can be transmitted to you easily by using Cash amp ATMs Thus Always use Digital Payments In every Transaction to avoid transmission of COVID19,0.21666666666666667,Positive,03
The whole satgawan taken part in JantaCurfew and peopleare stayed in their homes and supported it and in the evening all have come together for making sound Corona Covid 19india covid 19,0.30000000000000004,Positive,03
Tragic news from Italy Dr Natali dies at 57 after having to treat patients without PPE 13 doctors have died on COVID19 frontlines The bottom line is if you cannot protect health care workers and they get sick the whole system goes down WeNeedPPE,-0.35496031746031753,Negative,03
Curfew of the people by the people for the people to fight COVID19 As a responsible citizen come forward amp respond to PM s call for Janta Curfew by taking the I Support Janta Curfew pledge IndiaFightsCorona,0.2,Positive,03
stopanimalabuse animals AnimalRights ChineseWuhanVirus COVID2019india covidindia covid19 please leave the animals alone it s nature s way of saying it We are humans and we can rise above all this The whole world is suffering,0.1,Positive,03
Is MP is out of world n nt affected by COVID19 see the crowd,0.0,Neutral,03
At Dagranwa Markacho Koderma to RestTheRumours of COVID19 HealthEducation was imparted fears allayed CivilSurgeon DMO CO MOIC MPW ANM Policemen ASHA PRI members participated in this activity JHARKHAND INDIA,0.0,Neutral,03
Our has requested for Jantacurfew as Social Distancing Measure I n chandra Responsible citizen of pledge to follow JantaCurfew I Nominate take this pledge and carry the chain forward COVID2019india COVID19,0.11666666666666667,Positive,03
Why Covid19 may alter startups forever A virus has upended every aspect of business Q What does it mean for India s top food travel amp fintech startups Flight amp hotel booking firms are worst hit Videoconferencing providers amp online education companies witnessing boom,-0.2708333333333333,Negative,03
Sad to see that people don t realize their duty and it has to be forced upon them time and again 6 months jail and monetary fine COVID19 suspects in UP have to pay if they flee quarantine or hide symptoms via,-0.12083333333333332,Negative,03
Well fear does kill us but lack of awareness does more harm Let s face these Tuberculosis diarrhea malnutrition Malaria Anemia kill many daily than COVID19 has killed so far DoctorsSpeakUp,0.18,Positive,03
Today s coronavirus recap 95 270 confirmed cases globally amp 3 281 deaths 80 of new cases in estimates 3 4 of COVID19 cases have died It is a time for pulling out all the stops Countries must take a comprehensive all government approach,0.1787878787878788,Positive,03
Tablighi who spreads corona in India calls himself Corona Warriors Amazing Tablighi is insulting millions of Coronavarires instead of being ashamed of their crimes It is called theft and seizing Mukhtar abbas naqwi,-0.2,Negative,04
Tablighi who spreads corona in India calls himself Corona Warriors Amazing Tablighi is insulting millions of Coronavarires instead of being ashamed of their crimes It is called theft and seizing Mukhtar abbas naqwi IndiaFightsCorona,-0.2,Negative,04
Doctors in PGI Chandigarh inculated 4 corona patients with 0 3ml vaccine prepared by them and the trial was successful m so happy indian doctor Best latest vaccine co 19,0.7625,Positive,04
Due to the wrong policies of the Government of Jharkhand today the figure of Corona positive in our state is continuously increasing There is a lapse somewhere that the Jharkhand government needs to understand bjp,-0.13257575757575754,Negative,04
Please click on link corona jharkhandi song,0.0,Neutral,04
Here are the 10 slightly different deadly sins that you will surely know from your Corona home office in recent weeks But honestly and among us who cares bored workingfromhome EssentialWorkers 100DaysOfCode 100DaysOfMLCode HR Job via,0.06666666666666665,Positive,04
When people are hugging hand shaking in lockdown Corona virus,0.0,Neutral,04
sir as we are facing the crisis of covid 19 Please do not open the lockdown till may end If lockdown is open amp increas the corona cases we can t handle the situation better because our health care facilities is not much better as compared to other states,0.025,Positive,04
It s not fair I think China is not seriously sensitive about the Pendamic Corona Covid 19 Why,-0.2,Negative,04
Yeah i did the Math It s Approximately Correct So Stay Home Stay Safe amp Save Lives CoronavirusLockdown corona CoronavirusOutbreak quarantinecruise QuaratineLife,0.04999999999999999,Positive,04
Ramzan Mubarak to all Muslim Ya allha show your Mercy upon us this Ramadan and save to all the humanity from this Corona virus Ameen ramadankareem,0.0,Neutral,04
Condition of 2 countries will be pathetic after corona 1st is Pakistan and 2nd will be China Trust me and result will be coming at the beginning of year2021 CoronaPandemic COVID19,-0.5,Negative,04
please note that in this corona epidemic these women are spreading hatred by referring corona patient as communal angle Please take relevant action against him,0.25,Positive,04
Watch corona virus awareness video on my youtube channel Subscribe the channel drop a like and comment on the video and share it,0.0,Neutral,04
I m confused with AarogyaSetuApp There are 2 figures for Jharkhand corona Which figure is showing correct information IndiaFightsCoronavirus StayHomeStaySafe,-0.4,Negative,04
I called the Corona Control Room in the state of Jhar and got my complaint registered Complaint number is DF amp CA 88989 soon it was assured to be resolved but not yet taken into consideration Plz take the matter in quick cognizance and get a ground investigation,-0.08888888888888889,Negative,04
You are 100 right Gopal Babu Yes there no one is take serius steps against spreading of corona It is not suitable for me i e Mamata Banarjee is still ignoring all guiding amp awareness points of our PM of India,0.005357142857142838,Positive,04
For Give awarenessofcoronavirus towards my Society as well as ENCOURAGEMENT Our Corona Warriors Go And watch Short Documentary Film Corona Warriors Of Mahagama If u feel Good So Plz Do Comment For Encourage Also,0.2333333333333333,Positive,04
India Block amp District Administration Collaborative efforts for Stranded labour who stuck outside the state We will together work and defeat corona JAS,0.0,Neutral,04
Salute to corona warriors Thanks to all,0.2,Positive,04
You are Corona Warrior You will easily win this battle I m sure that you will rise amp shine again soon Toriseagain Toshineagain,0.65,Positive,04
Only one way to stop corona kill those people who infected corona whole society,0.1,Positive,04
We are the followers of birsa munda and we follow him and follow his ideas we are always fighting against all injustice and state oppression Because we have the birsa munda blood and I m sure we will defeat the virus like corona TribalsFightCorona,0.5,Positive,04
Are people from the village too safe to outperform corona Now at the time of an epidemic meat eating is the tradition Johar TribalsFightCorona,0.5,Positive,04
The tribal communities are poor and uneducated but even today the greatest knowledge of the science of medicine is the tribals who are capable of hearing the corona even when we are hungry TribalsFightCorona,0.26666666666666666,Positive,04
Now the world is looking towards our PM Sri Narendra Modi of his actions and further action to prevent citizens from Corona,0.05,Positive,04
India should start immediate research about MICROVITUM to stop the bad effects like corona virus MICROVITUM is a new theory so it needs Govt should start research about it,-0.2818181818181817,Negative,04
Rich or poor everyone is left standing in one turn Corona IndiaFightCorona Social Distancing,0.002083333333333328,Positive,04
Wat has happened to our goverment Why don t they Ban Tabligi Jamat organization Why is MHA waiting for harsh action In jharkhand 100 cases of corona hv been found in them If we go in 3rd stage god knows what will happen Act before it s too late,-0.1,Negative,04
Wat has happened to our goverment Why don t they Ban Tabligi Jamat organization Why is MHA waiting for harsh action In jharkhand 100 cases of corona hv been found in them If we go in 3rd stage god knows what will happen Act before it s too late,-0.1,Negative,04
Lets get United for fight against CORONA COVID 19 DAVPUBLICSOCHOOL ONEINDIA StayHome StayHomeSaveLives Prouddavin muskurayegaindia,0.0,Neutral,04
15 Please understand seriously If you stay healthy we will be healthy and if we stay healthy the country will be healthy StayHome Corona COVID19 StayHomeStaySafe coronavirus IndiaFightsCorona COVID,0.33333333333333337,Positive,04
8 The truth is bitter but true Believe it or not TruthBeTold NoRentForStudents Covid 19 Zoom Corona StayAtHome LockdownSA,0.125,Positive,04
Corona is not just a virus it is a lesson loud and clear Better we understand Wildlife Forest Animals,0.2333333333333333,Positive,04
Corona Se Darona A musical message from Saibaa amp Saisha Gupta Have a look at the video StayAtHome WearFaceCoverStaySafe WashYourHands Panaji India India,0.0,Neutral,04
He is perfectly right Identification and treatment of Corona suspects is the only solution that will last,0.09523809523809523,Positive,04
Smile in this lockdown period Stay positive but not in corona test jai shree ram,0.2636363636363636,Positive,04
Thank you doctors nurses medical personnel s and every corona warriors HumeGarvHai,0.0,Neutral,04
All the details of the corona virus are given in the 12th grade book and its medicine has also been mentioned by the same scientist but why no one is paying attention to it it is beyond comprehension to pursue it so that it can be taken care of,0.0,Neutral,04
Mam you have the vision and strong will Go ahead with ur tram and defeat Corona Salute to all CoronaWarriorsIndia jharkhand,0.4333333333333333,Positive,04
Respected As number of CORONA virus patients are increasing day by day in our jharkhand we should also make MASKS COMPULSORY for people getting out of their HOME This will help counter fight the pandemic,0.0,Neutral,04
We will win Corona will be losers It is impossible not to win against India corona coronavirous StayAtHome StayHomeStaySafe,0.18333333333333335,Positive,04
New day new blessing Don t let yesterday s failures ruin the beauty of today because each day has its own promise of love joy forgiveness Corona Coronavirus StayAtHomeSaveLives StayHomeStaySafe StayHome COVID2019 COVID19 TrumpGenocide OneDirectionReunion KillingEve,0.43454545454545457,Positive,04
A Poetry Written by me And sing By me On YouTube Subscribe A Poetry By Me On Corona For Corona Fighters ZeeJankariOnCorona IndiaFightCorona WorldLovesModi,0.0,Neutral,04
Di Please read This poetry On Aaj Tak news please A Poetry Written by me And sing By me On YouTube Subscribe A Poetry By Me On Corona For Corona Fighters,0.0,Neutral,04
Grt Program Big Brother ji Salute You And Grt Singer Nigam Bhaiya Salute you Go Corona Go,0.0,Neutral,04
Will IRDA MAKE RULES FOR BIMAA AGENT THOSE WHO ARE WORK LESS DUE TO CORONA VIRUSES BECAUSE NO ANY INSURANCE COMPANY HELP THEIR AGENT I BELONG TO SBI LIFE COMPANY,-0.14583333333333331,Negative,04
The corona virus first spread to the city of Wuhan in China Later China claimed it came to humans from the market of wild animals It then turns out that the virus is found in bats so it may have moved from bats to humans Then serious questions began to arise in a Chinese lab,0.0033333333333333327,Positive,04
No one should sleep hungry let s make sure of it Call our number 9304517028 if you re hungry or you know someone is hungry We ll make sure they get the food indiafightscorona indiaagainstcorona helpincorona helpinlockdown foodforpoor covid 19 helpeachother corona,0.5,Positive,04
Ramgarh sir please do something no one is serious about the Noble Corona virus at Ramgarh cantt,0.13333333333333333,Positive,04
Be a kid Be a learner Here is A to Z of how to avoid the spread of Corona There is only way out to avoid CORONA Learn to Avoid RanchiFightsCorona,0.0,Neutral,04
Corona Negative Palamau Positive If Everyone follow lockdown seriously,-0.13535353535353534,Negative,04
Anti Hindu pro Chinese so talking bout hunger not about corona a bunch of crook journalists hope most of reporters r from Community ban BBC in South Asia China has been bought Tablighi so have you,0.25,Positive,04
What will you do for Chaina Who is the responsible of Covid19 Chaina spreading virus in world Why are china not helping for world when they won corona war in vuhan They are gambler world s Biggest criminal China China,-0.1,Negative,04
2016 Single 2017 Single 2018 Single 2019 Single 2020 Single Corona Virus,-0.07142857142857142,Negative,04
Why only Muslims Two Hindu doctors died Muslim did not donate any money Don t target Hindu or else corona will kill you,0.0,Neutral,04
Have to be patient in this Corona break as it s a worldwide pandemic This break had to be utilized in as perfect manner as we could Govt is doing as much as it can which needs our support 21daysLockdownIndia 2019nCoV COVID2019india pandemic,0.6,Positive,04
BestCMOfTheWorld BestCMOfTheWorld Best Handling the State Batter in Corona epide mics Yogi Adityanath,1.0,Positive,04
What is corona virus,0.0,Neutral,04
has earned a lot of money from me and also gave me a lot but today donate it in corona fund ShameOnDream11,0.0,Neutral,04
Lockdown India fight corona,0.0,Neutral,04
Bokaro civil surgeon Mr ASHOK KUMAR PATHAK provide detail information about corona patients,0.0,Neutral,04
Okay good initiative by HP govt against corona,0.6,Positive,04
Dear Sir Your demand is genuine but don t depend on the Central Govt You are doing well to fight against Corona People of Jharkhand are with you Try to fulfil all requiremets by using state resources,0.2,Positive,04
CORONA VIRUS GO BACK at Ramgarh cantt,0.0,Neutral,04
STABILITY OF NOVEL CORONA VIRUS,0.0,Neutral,04
Don t spread fake message had told stoping breathe can not decide wheather you are corona ve or not it can create panic among commoners Hazaribag,-0.5,Negative,04
Corona will engulf illminded people,0.0,Neutral,04
Corona will not kill Hindu as u think head CAA is behind it and finally you will get its real results,-0.06666666666666668,Negative,04
Threatening at such times is not good for Trump s health President Trump should work to find out how millions of people in America suffer from Corona,-0.175,Negative,04
Really a matter of salute to the Corona fighter,0.2,Positive,04
Zee News is more dangerous than the corona virus killing many innocent people It is not a news channel it is a fire fighting factory in the country,0.225,Positive,04
There is a big conspiracy in Corona How can Chinese be safe and European be unsafe,0.125,Positive,04
Problem is this lot of idiots are running our government and yeah we are praising and teaching ignorance apathy Just scroll above Abhishek is saying it s okay to share news without basic understanding We ve just celebrated corona yesterday We need help Bigtime,0.009999999999999986,Positive,04
Celebrating Mahavir Jayanti at my house with lighting the diya Pooja Archana May God bless his shower amongst the pupils to overcome from the Corona With his advise to follow LET amp LET LIVE,0.13636363636363635,Positive,04
1 This year diwali celebrated 2 times 2 Today s Corona s Baraat Visiting Bhakts Home,0.35,Positive,04
on this day I will very happy to see that all the Indians would light a lamp together and show their solidarity Today all of them showed that we will definitely win the battle with corona We are proud of a good Prime Minister like Modi ji and also we are proud to be an Indian,0.75,Positive,04
Great initiative fight with corona,0.8,Positive,04
Vande Mataram jai hind We all countrymen are with u sir fight corona,0.0,Neutral,04
Stand fight corona Stay at home,0.0,Neutral,04
Is by lighting lamps Diya etc Will corona virus dead Is this lighting diya torch mobile flash is vaccine of Corona virus,-0.2,Negative,04
A great leader make a great nation America Spain and Itali are considered advance country but death of corona has unsealed their advancement,0.8,Positive,04
Congratulations India developed the vaccine of Corona virus And that is close the light whole light of your home at 9pm and then light the Diya torch mobile flash light for the 9 minutes by standing at balcony of your house or on main gate,0.2952380952380952,Positive,04
Corona virus will dead soon inshallah,-0.2,Negative,04
ji What will happen after doing this lighting lamps diya torch mobile flash Is corona will dead Is lighting lamps etc is the vaccine,-0.2,Negative,04
What will happen after doing this lighting lamps diya torch mobile flash Is corona will dead,-0.2,Negative,04
All muslim brothers are requested to offer the namaz of juhar instead of Jumma Namaz at your own home We all have to fight with this novel corona virus And surely we will win HemantSoren StayHomeIndia 21daylockdown,0.6333333333333334,Positive,04
This is not time to purchase Phone as we are struggling Corona Virus epidemic,0.0,Neutral,04
Should China pay compensation for unleashing COVID19 on the world 21daylockdown ChineseVirus19 ChinaLiedPeopleDied ChineseBioterrorism ChineseVirusCorona ChineseWuhanVirus CoronavirusOutbreakindia COVID19Pandemic Coronafighters Corona CoronaJihaad,0.0,Neutral,04
Just beware of cheap media MediaVirus is more dangerous than corona Because corona damages lungs but media changes the idiology of our society,0.10000000000000002,Positive,04
I want to complain you about our police Sir Police is not stopping corona they are showing their powers Please sir,0.0,Neutral,04
A Muslim lady has rightly said corona has come from N,0.2857142857142857,Positive,04
What type of corona is this mediavirus MediaLies,0.0,Neutral,04
India proudly crosses 1600 Corona patients Courtsey ignorant and rigid citizens corona,0.8,Positive,04
Today being 1st April whoever cracks a joke on or related to corona will be blocked or deleted from my contact friendlist Sincere apologies in advance,0.25,Positive,04
Donate amount to PM cares fund please Overall you are ex CM amp SP candidate for 2022 Leave politcs help the citizens to fight against Corona epidemic,0.0,Neutral,04
there are many citizens who are trying to fail India while 90 are with you in fight against Corona we think that military and army should be deployed as now critical phase has started,-0.025,Negative,04
there are many citizens who are trying to fail India while 90 are with you in fight against Corona we think that military and army should be deployed as now critical phase has started,-0.025,Negative,04
First week as SDMRamgarh Setting vegetable markets in order meeting with Stakeholders Visits to check posts Quarantine centres Covid Hospital Ramgarh at Ramgarh,0.25,Positive,04
Terrorist Zakir Naik have a terror connection with zafarul Islam Khan who comes under Delhi government Lastly this terrorist peddler has wrote a letter to Arvind kejriwal to threaten for not to take tabligi jamati name the criminals behind COVID 19 spread ArrestZafrul,-0.2,Negative,04
Vaccines against COVID 2019 have not yet been discovered and still under efforts Resulting that Positive detected Peoples are under the zone of danger It is my opinion that Ayurveda Vaccines containing liquid of NEEM and BITTER GOURD can be formulated to save the LIFE,0.06363636363636363,Positive,04
The Possibility of Proper Utilization of Technology such as Robotics Artificial intelligence and Telemedicine sector Covid 19 Pandamic can be Defeated soon,-0.2,Negative,04
Boredom at work what to do when there is nothing to do bored EssentialWorkers Quarantine lockdown2020 wfh2020 Blog workout 100DaysOfMLCode Covid 19 startup Workshowlive lockdownhustle 100DaysOfCode 301DaysOfCode MarkBam via,-0.5,Negative,04
Help Them those who need food in this critical condition suffering covid 19,0.0,Neutral,04
Hey I just did Apollo 247 s COVID 19 self assessment on Airtel Thanks app you can do it too Also know the risk zones in your area Stay safe,0.35,Positive,04
Markacho Koderma Malaria amp covid 19 Community Health Education to a pregnant woman by CHW ASHA Sahiya Sathi and Malaria Treatment Supervisor Outcomes of Malaria Complicating Pregnancy are often times poor,-0.033333333333333354,Negative,04
there is no cases of covid 19 in 78 district from last 15 days I hope you will be also discharge tomorrow,0.0,Neutral,04
I had successfully attained completed the session on Food security Nutrition to fight against Covid 19 Which was organized by the W H O with the medium of video conference 4 00PM to 5 00PM on date 22 04 2020,0.75,Positive,04
When COVID 19 patient escaped from hospital,0.0,Neutral,04
Booking no C6VQ4H Guest Name Vipul Tirkey Guest D O B 16th February 2002 E mail Address tirkeyvipul vt com Query Concern Due to COVID 19 my flight was being canceled by AirAsia so please kindly refund the total amount,0.15833333333333333,Positive,04
Aarogya Setu protects us our family and the nation Download the App and strengthen the fight against COVID 19,0.0,Neutral,04
CoronaPoliticsHurts IStandWithSonuNigam Covid 19 It s same news like China giving mask and sanitizer Those who spread the virus now acting humanitarian to gain support and sympathy Md Saad should surrender first,0.08333333333333333,Positive,04
Small small steps comes out with big results You are monitoring minutely on the activities which violets government guidelines Very impressive sir We must adhere social distancing to beat COVID 19 I hope in your administrative and leadership We will beat Pandemic,0.10666666666666666,Positive,04
Honorable Shri Sir Sir Please help this family All of us already scared due to COVID 19 and if government and administration will not build up a confidence among us then how we fight against COVID 19 Plz acknowledge and do the needful,-0.125,Negative,04
What if China will be found guilty for spreading virus knowingly What will USA do Current World situation is really bad due to CoronaVirus but post situation will be much more critical COVID ChinaMustExplain,-0.13749999999999996,Negative,04
you are doing great job during covid 19 pandemic You are true representative of people Serving the humankind above party politics Way to go ahead Lot of blessing from people of Barkagoan vidhansabha Ravi Saunda D panchayat,0.3833333333333333,Positive,04
I suggest punishment like sanitization of area n taking care of Covid 19 patient for culprits amp lawbreaker,0.0,Neutral,04
Dear Sir Please find attached receipt for the Covid 19 This hospital is charging 6 400 for each test,0.0,Neutral,04
Why don t said their TabligiJamaat Rohingyas BROTHERS amp leader to come out of hide and support PMModi in fight against Covid 19india I m sure he can make appeal n they will listen,0.5,Positive,04
15 Please understand seriously If you stay healthy we will be healthy and if we stay healthy the country will be healthy StayHome Corona COVID19 StayHomeStaySafe coronavirus IndiaFightsCorona COVID,0.33333333333333337,Positive,04
IndiaFightsCorona India is actively containing COVID 19 The new guidelines by the Modi Govt prescribe SOPs for Social Distancing at offices workplaces factories and establishments and penalties for offences regarding violation of lockdown measures via NaMo App,0.01212121212121212,Positive,04
what is your covid 19 test result shivangi,0.0,Neutral,04
Chaibasa working with ppl at grassroots under Tonto block of west singhbhum district in jharkhand and inculcating awareness on epidemic Covid 19 Distribution of mask and soap at work place in purnapani today,0.0,Neutral,04
What a good gesture In USA a father called Police and told it was his son s Birthday and no one came due to Covid 19 See the amazing response from Police we always with you America,0.39166666666666666,Positive,04
Ain t no hood like motherhood FightAgainstCoronavirus COVID19 Covid 19 IndiaFightsCorona,0.0,Neutral,04
If COVID19 Patient is taking a bath in a pond then will Covid 19 be transmitted from that pond IndiaFightsCorona CoronaFighters newdelhi,0.0,Neutral,04
Join Giveindia campaign to help daily wage earners feed their families Support Covid 19,0.0,Neutral,04
With pandemic being the worst hit for daily wagers every little help is enough right now Let s do what we can to support them Do Your Bit to Fight COVID 19 More details at ihelpfor4people GiveIndia letshelp help Behomewithishokesh01 StayHome,-0.06696428571428571,Negative,04
Dear Sir we have made a ayurvedic composition to Treat Covid 19 Patients as per Research Reports Published on Coronavirus We need a Virus and a lab to test the Composition Kindly help Covid 19,0.6,Positive,04
India is not prepared n after this Covid 19 happened we including world will be more dependent on China if u confine growth n development to few states india will never emerge as product hub or alternate to China frm metros to cities to town to vill need focus,0.1,Positive,04
The manufacturers in the textile hub of Tirupur say tht India has the capacity to produce the required PPEs nd it whd have been better if the government had supported the industry to manufacture them instead of relying on China for the same PPEKits Covid 19 COVID19,0.25,Positive,04
Let the picture speak the volume of collaborative action with Administration CBO s and CSO s This women are real warrior to fight with Covid 19 salute to all of them India,0.15000000000000002,Positive,04
Hello Dhara Patel who lives in Dubai says Muslims are terror st and responsible for COVID She also shares muslims should be boycotted and Islam is a disease Criticises Muslim women wearing Abaya news,0.2,Positive,04
Thank you to the district administration nurses healthcare workers sweepers and everyone else who s fighting this War against COVID 19 HumeGarvHai,0.0,Neutral,04
Sir Jharkhand COVID 19 news is not regularly covering by INDIA TV Please look into the above,0.0,Neutral,04
instagram post 678 Tobacco coffee alcohol hashish prussic acid strychnine are weak dilutions The surest poison is time Ralph Waldo Emerson Bored AF lock down due to covid Home made Cold coffee,-0.3511111111111111,Negative,04
Re telecast of Epic Ramayan on DDNational was the best idea in this lockdown it s not just a serial it s a feeling that today s generation won t understand ThankYouDilSe amp ThankYouDilSe to front line warriors of India against Covid 19,0.55,Positive,04
Watch Live PM Modi s address to the nation on COVID 19 via NaMo App,0.13636363636363635,Positive,04
Honorable and ji I have a request to both of you to open a Covid 19 Investigation Center in every district of every state of the country so that every person can go there and conduct their investigation MeraDeshMeraSujhaw JitegaIndiaHaregaCorona,-0.05,Negative,04
Team I had booked ticket and that got cancelled due to covid 19 I had cancelled the ticket from but till now I haven t received money Registered complaint but flipkart team mentioned money with Look into it,-0.2125,Negative,04
Commendable efforts by West Singhbhum District Administration Congratulations for innovative and cost effective ideas to fight COVID 19 Felt good about it,0.6,Positive,04
Sir our team are feeling proud to work with District and Block administration We will together fight with Covid 19,0.8,Positive,04
No one should sleep hungry let s make sure of it Call our number 9304517028 if you re hungry or you know someone is hungry We ll make sure they get the food indiafightscorona indiaagainstcorona helpincorona helpinlockdown foodforpoor covid 19 helpeachother corona,0.5,Positive,04
lockdown is bound to rise and patients that should not get off at any cost while looking at a rising figure lockdown is more likely to be a bet than Italy COVID 19 StayAtHome,0.25,Positive,04
Appreciated But the timing of depositing is bad as it contributed to mass gathering n rush politics is bad at the time of Covid 19india LockdownExtended,-0.3999999999999999,Negative,04
Our India Team are always there to support the District and Block administration and provide all assistance to our rural communities TogetherWeCandefeat Covid 19,0.0,Neutral,04
sir i humbly request to you there is lack of mask and sanitizer in my village rerwa situated in sisai block of your constituency village people are not aware about covid 19 they only worry food so here strictly needed your guidelines pls pay attention in my village,-0.10833333333333334,Negative,04
Hydroxy chloroquine is not a medicine of COVID 19 According to science But it gives positive response what is this Is it medicine or BHASM OF HAR HAR MAHADEV Jay Baba Bajnath,0.2272727272727273,Positive,04
Why did jesus die Only to be born as god Amid these dark times I hope god will shephard the weak through the valley of darkness and savour us from the tyranny of evil covid 19 Jesus GoodFriday2020 HolyWeek2020 GoodFriday,-0.38125,Negative,04
I am downloaded the arogya setu app and told my friends about this app So that all can stay safe with us I also told that make all aware from this app as much as possible COVID AarogyaSetuApp DilSeThankYou StayHomeStaySafe my India my heart,0.25,Positive,04
Failure man of India He didn t know how to handle current situation covid 19 100 died Maharashtra government amp health department make red mark Shameful movement Please start work hard work Bring back a bright future,0.013095238095238096,Positive,04
We are showing bravery against COVID 19 and some illiterates diluting our efforts,0.0,Neutral,04
Bokaro Jharkhand A 72 year old man died of Coronavirus in Bokaro district the 1st COVID 19 fatality reported in Jharkhand a health official said on Thursday The patient died on Wednesday night Bokaro District Chief Medical Officer Ashok Kumar Pathak said,0.05,Positive,04
Hi Robert I am Ph D in physiology from Nottingham I am shocked to learn the no Of deaths in US due to covid 19 Can you provide me your email or WhatsApp no So can exchange idea on any possible treatment of covid 19 Thanks Dr Tanwir,-0.15625,Negative,04
Joy guru to all indian PMOfIndia COVID JharkhandfightsCOrona HemantSoren,0.8,Positive,04
Great decision But the Government needs to compensate Private labs recruit more labs and increase testing COVID2019 covidindia ExtendTheLockdown Private labs can t charge people for Covid 19 tests orders Supreme Court Hindustan Times,0.325,Positive,04
If this time line of COVID19outbreak is anything to go by sadly the lockdown needs to be extended Covid 19india COVID19Pandemic COVID2019 COVID,-0.5,Negative,04
what is your contribution towards fighting against Covid 19india,0.0,Neutral,04
Also that we have cure for TB and its endemic rather than being a Pandemic After sometime Covid will also become endemic Dnt wry But till then plz stop spreading such messages being a responsible and admired author yourself Regards,0.1,Positive,04
Why government is waiting to ban tik tok tik tok is spreading wrong messages in indian specific society regarding COVID Plz ban it atleast temporarily BanTikTok,-0.25,Negative,04
MEVID 20 Media Virus Disease 20 is more deadly and venomous than COVID 19 The day MEVID 20 gets vanished from india all will live in peace Stayhome Stay safe,0.2340909090909091,Positive,04
Today 3 vehicles flagged off by BDO CO from petarbar block initiated by India petarbar to create awareness around COVID 19 These vehicles will cover every Hamlet of block for awareness generation,0.0,Neutral,04
Bigg boss india Covid 19india 21daysLockdownIndia,0.0,Neutral,04
Candle jalne se covid 19 khatm nhi hoga per country unite too hoga Because Unity is the best policy sir,1.0,Positive,04
Achievement of Indians in science and technology In this scenario to fight COVID 19 BIT SINDRI DHANBAD Students discovered a way for indigenization of technology and developed a new way for tracking the infected peoples and the peoples who came across,0.11818181818181818,Positive,04
I had booked a railway ticket journey details as follows Train name Sanghamitra express Train number 12295 PNR no 4105120176 Date of journey 22 Mar 20 The train was automatically fully cancelled due to COVID 19 pandemic I can t get my refund yet,-0.125,Negative,04
NIC Video Conferencing Service was used to conduct a meeting by the President of India along with Vice President to interact with Jharkhand Governor Dropadi murmu to discuss measures to combat COVID 19,0.0,Neutral,04
Bless for each other 1 3cr indian 5 april 9pm for nine minutes 19 lockdown,-0.125,Negative,04
Paid money to Pm Cares Paid to pmcares Date 07 42 PM 1 Apr 2020 Amount 51 00 Status Success Remarks UPI I also contributed on PMCARE for the relief and fighting against COvid 19 in our country,0.3,Positive,04
mandeep india COVID 19 many people need support so in order to do something YPF with the help of india and Prem sagar F distributed the food items among people with the support of Delhi Administration,0.5,Positive,04
Please help Sir Many life s are under Risk due to some irresponsible people Due To covid 19 From Bakudi Jharkhand India 816101 Dist Sahibganj Phone 7992477196 Don t break our trust on you and JMM,0.08333333333333333,Positive,04
AskZee covid 19 During the illness banks have received orders not to take emi but the message is being sent by the bank,0.0,Neutral,04
Wash your hand Be safe Be aware Covid 19india lockdownindia SafeHandsChallenge SafeHands,0.375,Positive,04
Wash your hand Be safe Be aware Covid 19india lockdownindia SafeHandsChallenge SafeHands,0.375,Positive,04
I have come to pmcare to help all those poor people who are away from their homes in covid 19 You must help,-0.4,Negative,04
Bro Bobby S Rajput ShashiRajput IndiaFightsCarona LockDown Covid19,0.0,Neutral,04
Gartner expert Augie Ray explains how CMOs must adapt the marketingstrategy for more CMO Marketer COVID19 GartnerMKTG MKTG 100DaysOfCode Digital uxdesign uipath Analytics martech Adtech Marketing,0.25,Positive,04
Thanks sir you r great why you r not Punishing China For Covid19 War They Said America in Fear Is it True,0.45,Positive,04
Ramadan Mubarak This Ramadan we have bigger responsibility bearesponsiblemuslim breakthechain covid19 ramadan2020 Jharkhand India,0.0,Neutral,04
Congratulations for launching COVID19 SAHAYTA APP only those people will get benefits who have android mobile But many workers have no android phone How will they get benefits while they are out of their state,0.25,Positive,04
I recommend Aarogya Setu app to fight against COVID19 Please download and share it using this link Android iOS,0.0,Neutral,04
CoronaPoliticsHurts IStandWithSonuNigam Covid 19 It s same news like China giving mask and sanitizer Those who spread the virus now acting humanitarian to gain support and sympathy Md Saad should surrender first,0.08333333333333333,Positive,04
We all citizens are fortunate living in Honorable PM era Thanks to PMO for good intitiave taken to control COVID19 with regards,0.43333333333333335,Positive,04
I recommend Aarogya Setu app to fight against COVID19 Please download and share it using this link Android iOS,0.0,Neutral,04
AIMIM Floor Leader Akbaruddin Owaisi chaired a meeting at Owaisi Hospital in light of the COVID19 situation,0.4,Positive,04
Dear Sir Please find attached receipt for the Covid 19 This hospital is charging 6 400 for each test,0.0,Neutral,04
I recommend Aarogya Setu app to fight against COVID19 Please download and share it using this link Android iOS,0.0,Neutral,04
I recommend Aarogya Setu app to fight against COVID19 Please download and share it using this link Android iOS,0.0,Neutral,04
I recommend You can now know if you are safe or at risk of COVID19 infection download and share it using this link in 3 easy steps Download the AarogyaSetuApp Switch on Bluetooth amp GPS Share location with the app,0.4666666666666667,Positive,04
I have downloaded this App today and fill all the required information in it I inspired today by hearing to our PM Ji today I have also requested to Near amp Dear to do the same So I recommend Aarogya Setu app to fight against COVID19,0.05,Positive,04
To the doctors and healthcare workers on the front lines of the COVID19 fight HumeGarvHai,0.0,Neutral,04
INDIA It is currently important to extend lockdown for minimum 2 weeks further but this is not only solution to fight covid19 along with lockdown you should have to increase testing rate all over india,0.13333333333333333,Positive,04
and the state government is not able to stop the arrival of the migrants and arrange their food water All the state governments are planning a meeting of how to control covid19 the same Jharkhand is still silent INDIA,-0.08333333333333333,Negative,04
Yes president you are right COVID19 is created by Chinese lab for biological weapons to use against their enemy countries like USA INDIA It is very unfortunate that W H O completely support China,-0.06607142857142859,Negative,04
The way the doctors is fighting against this epidemic covid19 with all his dedication is really praiseworthy they are play a big role in keeping the world healthy that s why human beings consider them as a God coronafreeindia HealthyIndia WorldHealthDay,0.175,Positive,04
There is always a light at the end of every tunnel together we stand for better tomorrow God bless us all Bro Golu Singh 9Minutes9PM Covid19 CaronaVirus NewDiwali,0.45,Positive,04
It is a ray of hope that reflects the solidarity of the entire INDIA only by uniting we can defeat this dark form of COVID19 coronafreeindia IndiaDeservesBetter IndiaBattlesCoronavirus StayHomeStaySafe,-0.05,Negative,04
Covid19 in India Nearly 65 of 544 new all India cases linked to TablighiJamaat s event in city Delhi led the tally on Thursday with 129 of the total 141 confirmed cases being linked to the Tablighi meet,0.1590909090909091,Positive,04
Union Agriculture Minister launches new features of eNAM platform New features of e NAM are important steps in our fight against COVID19 Patralekh,0.22424242424242424,Positive,04
Government launches a mobile app called AarogyaSetu to bring the people of India together in a resolute fight against COVID19 The app will enable people to self assess their risk for catching Coronavirus,0.6,Positive,04
Still people are in illusion that corona vaccine will be developed never because there is not any medicine for viruses Ashthama and HIV r examples precaution is remedy,0.1,Positive,05
Ramgarh Respected sir please provide us the counting details of covid 19 patients with their locality like others districts are providing So that we people of Ramgarh should be aware of the location of the newly found corona patients,0.19318181818181815,Positive,05
Empanelment of ICMR approves Labs by NHA is a great initiative to fight against corona specially for Rural India IndiaFightsCorona,0.3857142857142857,Positive,05
A corona patient found in Markacho Kasturba Gandhi Residential School Section 144 has been imposed in Markacho StayHomeStaySafe,0.0,Neutral,05
khan have some shame Do something for country in need Covid 19 Corona,0.0,Neutral,05
do something for country history will never forget you Covid 19 Corona,0.0,Neutral,05
I don t know that what to do but i know one thing everything will perfect at one time backtoschool GodMorningTuesday lockdown corona COVID 19 India CoronavirusLockdown vibes,1.0,Positive,05
Corona updated,0.0,Neutral,05
Laloo funny call with corona virus YouTube realme mondaythoughts MondayMotivation MondayMotivation COVID 19 Corona MondayVibes staysafe AfricaDay eidmubarak2020,0.25,Positive,05
I saw no body is here for seeing the people who are coming No social distancing No mask No sanitization Tell me guys If you are staying from 7 days and one someone new came to stay in same room then how are you all safe What if anyone in the room has corona,0.1549242424242424,Positive,05
Lest the people of Jharkhand die of hunger before corona Sir please take the migrant laborer home,0.0,Neutral,05
I reached my home by flight Right now I am in home quarantine Till now we didn t find any symptom of Corona even though if you will say I will be available for the test Thank you,0.3428571428571429,Positive,05
Eid Mubarak everyone Stay home Stay healthy stay safe This eid let s pray for the safety of every human being Hope this corona will go soon EidMubarak,0.3333333333333333,Positive,05
SonuSoodTheRealHero God bless you Sonu sir You are doing fantastic job India loves you Jai Corona Warriors,0.4,Positive,05
ICC No celebration allowed after fall of wickets because of Corona,0.0,Neutral,05
Today not only the whole country the whole world is suffering from Corona epidemic in which the education and examination of students of the state has been affected PromoteStudentsSaveFuture,0.13333333333333333,Positive,05
Mann ki baat from the student suffering from corona Roads are deserted where should I go from the village father s wages are closed where should I get the fare from PromoteStudentsSaveFuture,-0.1,Negative,05
Although our district administration and police personal are doing very good job yet right now You must apply section 144 throughout district for fastest recovering from corona virus Thanks sir,0.3489285714285714,Positive,05
Good initiative by our police personal but right now district administration must apply section 144 throughout district for fastest recovering from corona virus Thanks,0.29642857142857143,Positive,05
Alone but together Fight against Corona Created by class 12th sc students of KENDRIYA VIDYALAYA PATRATU We salute and support all the warriors those who are fighting for us and for the nation against Covid 19 t H m t,0.0,Neutral,05
LOHARDAGA Ranchi happy to see jharkhand in orange colour hope it will be GREEN soon Also thanks to all the corona warriors especially our CM Hemnat Soren ji and Doctors Nurses and Jharkhand Police We student always love nd support u,0.26,Positive,05
Sincere thoughts with Bengal Already a corona hotspot Now battling the serious aftermath of AmphanCyclon Too much for the people over there May God heal them soon,0.12222222222222225,Positive,05
After labour migration u need to update zones on daily basis centre n states n done politics on labourers n move them instead of providing them essential where they are worst time of upbiharjharkhandbengal Covid 19 Corona,-0.3333333333333333,Negative,05
Corona pandemic Earthquakes Amphan super cyclone It seems that God has brought a package of complete destruction Oh god mercy AmphanCyclone,0.21666666666666667,Positive,05
Thnx sir and bless palamu will corona last,0.0,Neutral,05
To support Corona Survivors Frontline Warriors Essential Workers and their families I have taken the BreakTheStigma Pledge and committed myself towards the fight against COVID 19 You can also take the pledge at via at Ramgarh,0.0,Neutral,05
Do not pay RoomRent till corona crisis NoRoomRent,0.0,Neutral,05
There should also be a share of farmers in the 20 lakh crore corona packages so arrange the farmers package as soon as possible Announce Kisan Package,0.0,Neutral,05
Green garden big breaking 2 corona positive patient confirmation from hazaribagh positive data collected in state jharkhand Total Corona192 JharkhandfightsCOrona jharkhand Sarkar hemantsoren,0.0509090909090909,Positive,05
Please compromise to Corona,0.0,Neutral,05
Corona leading towards social insensitivity Be sensitive,0.06666666666666668,Positive,05
the community widespread of Noval Corona Virus in the area 1 Dumri and neighbour blocks,0.0,Neutral,05
Corona has also made us understand the importance of local manufacturing local markets amp local supply chains Its not just our need but also our responsibility It helped us when everything else was closed down to ensure essential services were continued AatmanirbharBharat,-0.0425925925925926,Negative,05
Blood test or corona test of all the people coming from other states and districts coming to Jharkhand or their home is very important,0.1975,Positive,05
What s happening in the state How can we be ever free from corona if it continues like this Even Hindpidhi ppl have the easy access to other districts Are the concerned departments amp govt only working on social media Ranchi,0.14833333333333334,Positive,05
To keep body healthy and stronger to fight COVID 19 Corona organizing YOGA sessions for persl at all locations,0.5,Positive,05
Fastest To 1M Likes In YouTube In India Congratulations Lots Of Love For You Golden Words Carry Bhai Ye Tiktok Or Corona Ek He Desh K Beej H carryminati,0.4,Positive,05
Ranchi Palamu Hello sir we all are going through very tough time due to this COVID 19 which has completely disturbed our living In this fight with Corona I ve developed an Android Application which is an Online Grocery Store 1 2,-0.1076388888888889,Negative,05
It contains 40 50 Alchohal so it is addional safety from corona,0.0,Neutral,05
Your line is excellent sir Really it s a good for the environment Khai ye kho gye thi Lekin is corona ne inhe wapash aane ko majbur ho kr diya Environment Recover its own power,0.7666666666666666,Positive,05
We will have to learn to live with corona virus because till now we are seeing the effect of this virus I think the effect of lockdown is going to get worse,-0.13181818181818186,Negative,05
Economy at risk What Corona means for our companies Germany Case Study COVID 19 lockdown savetourismjobs 100DaysOfCode Germany Finance BusinessNews BusinessStrategy technology mpgvip leadership via,0.0,Neutral,05
The Prime Minister of New Zealand Jesinda Ardern has a worldwide fanfare New Zealand wins the fight against Corona COVID 19 There is no new case from the previous days Only 4 patients remain in the hospital across the country COVID 19,0.056313131313131336,Positive,05
We all are thrown into a corona war zone The government doesn t mind Drink or die from corona Long queues in front of the liquor store I am not saying StopliquorSell alcohol,-0.05,Negative,05
DSSSB Complete the 2018 recruitment we also want to fight with Corona and want to Save India DSSSB Joining NursingOfficer,0.1,Positive,05
DSSSB Complete the 2018 recruitment we also want to fight with Corona and want to Save India DSSSB Joining NursingOfficer IND,0.1,Positive,05
If the rain of flowers increases the intelligence of Jahilo by 1 and they stop attacking the Corona warrior then this petal rain of the Indian Air Force will be successful FlowersofHope RimsRanchi,0.75,Positive,05
Please mind the words Sanghis are serving the humanity in today s Corona Pandemic but Jihadis are spreading Corona,0.0,Neutral,05
Tribute to all corona virus warriors by MARWARI COLLEGE RANCHI amp NSS national service scheme Go watch it on my Youtube channel Expressive Priya subscribe the channel drop a like comment and share it,0.8,Positive,05
Interesting song on corona by old man Click on link to watch full video lockdownindia COVID2019india,0.31666666666666665,Positive,05
A study report regarding infection rate in jharkhand by indian mathematical institute on corona spread This should be taken seriousl Ramgarh,0.0,Neutral,05
When the covid 19 infected people were not in our State jharkhand govt has kept the lockdown But now the infection spreading out day by days and the govt is not curious about this,0.05,Positive,05
sahibganj INDIA Ground Reality of COVID 19 Testing in Sahibganj Jharkhand We 4 persons came from Kolkata to Barharwa Sahibganj on 12th May 2020 Next day i e 13th May got a call and went for RT PCR Sample coll,0.0,Neutral,05
R I P to those who died in 2020 Dur to AustraliaBushfire Due to TurkeyEarthquake Due to JakartaFlooding Due to IranPlaneCrash Due to Covid 19 Due to VizagGasLeak Due to AmphanCyclone in Bangal amp Odisha Due to PlaneCrashPakistan Due to UttarakhandForestFire,-0.125,Negative,05
This is not the time to resume Flight Operations at all During this high peak of Covid 19 Gov t should ensure a complete lockdown in every states not by starting the Airlines Early start of Airways is very risky for every individuals Not at all a healthy decision,0.17666666666666667,Positive,05
Fourth death in jharkhand due to covid at Ramgarh,-0.0625,Negative,05
AatmaNirbharApnaBharat The Modi Govt has made concerted efforts to ease the lives of the poor during COVID 19 crisis Pulses and grains were not only given in huge quantities but also in advance of 3 months through DBT via NaMo App,1.8503717077085938e-17,Positive,05
Area under green zones should open school and college for students Covid 19india staysafe i think it shouldn t be because health is wealth Our country should not give work pressure on students during this fatal pandemic Student must develop their hidden skills during this,-0.12222222222222225,Negative,05
Sir I have booked a flight ticket bearings booking number VV5DPV date of journey 06 May 2020 The flight was cancelled due to COVID 19 lockdown Now I wish to reschedule my flight on 26 May 2020 onwards I have contacted Air Asia authorities but they not responding,-0.125,Negative,05
Labour movement will lead India to its worst nightmare Instead of keeping people they let them move and with this Covid 19 count will increase in month time and govt has to implement stricter lockdown than lockdown 1,-1.0,Negative,05
After labour migration u need to update zones on daily basis centre n states n done politics on labourers n move them instead of providing them essential where they are worst time of upbiharjharkhandbengal Covid 19 Corona,-0.3333333333333333,Negative,05
Motivated quotes stayhome staysafe jharkhandCoronaUpdate Covid 19 jharkhand,0.0,Neutral,05
if it s true r u guys sleeping or silent this is the time to save state n country don t do these cheap sickular politics Dont be congi stamp MaharashtraBachao maharashtraday COVID COVID19Pandemic,0.25,Positive,05
Covid 19 and fintech funding looks at challengerbanking funding vanLoon dc,0.0,Neutral,05
Nice steps AatmaNirbharApnaBharat Technology driven education post COVID 19 via NaMo App,0.6,Positive,05
Let s help the distressed one s by sharing How Covid 19 crisis made you stronger,0.0,Neutral,05
Some facts COVID 19,0.0,Neutral,05
COVID 19 positive newborns being exclusively breastfed amp recovering from Covid 19 Breastmilk has no substitute Central message Breastfeeding provides infants amp young children with essential nourishment amp protection from infections esp at this time of COVID 19 pandemic,0.08181818181818183,Positive,05
To the nurses of the world Happy International Nurses Day a day that we dedicate to YOU Thank you for working round the clock to fight the COVID pandemic Thank you for the difference you are making every day and everywhere,0.20000000000000004,Positive,05
You know otherwise what will I do CoronafightsagainstIndia Covid 19india,0.0,Neutral,05
It seems India is going to get leadership role in Covid 19,0.0,Neutral,05
Organized coordination meeting with NGOs to fight against COVID 19 They promised to contribute their best,1.0,Positive,05
I want to ask from CM of Jharkhand that the how you help the PDS dealers The are giving their job without any payment During the lockdown or COVID 19 emergency all people are in home but dealers working fearless Is this fair unpaidworkers,0.7,Positive,05
I want to ask from CM of Jharkhand that the how you help the PDS dealers The are giving their job without any payment During the lockdown or COVID 19 emergency all people are in home but dealers working fearless Is this fair unpaidworkers,0.7,Positive,05
Good morning Twitter Guys Covid 19 StayHome goodmorning,0.7,Positive,05
State wise helpline contact for migrants transfer COVID19India Covid 19 IndiaFightsCorona,0.7,Positive,05
This is Hilarious must watch this team News fullmoon extendlockdown Covid 19 NewsAlert comedy SoSorry 100DaysOfCode videomemes Memes memesdaily comment,0.5,Positive,05
They fought and won Super happy with this news Bokaro has now become the Jharkhand distic with zero cases of Covid 19 after the 10 infected patients tested negative nd were subsequently discharged BokaroFightsCOVID19 CoronaFreeSaramBokaro,0.2083333333333333,Positive,05
sir we are the Homoeopathic doctors of Govt Homoeopathic medical college and hospital Godda This college is converted as Dedicated covid Hospital Covid care center and covid health center,-0.06666666666666668,Negative,05
Covid 19 lockdown,0.0,Neutral,05
Hello sir Hope you are doing well under this pandemic Covid 19 My concern is about the Merit list of DSSSB Nursing Officer post code 3 18 After uploading edossrie we are not getting any updates regarding Joining from dsssb DSSSB Joining NursingOfficer,0.0,Neutral,05
Hello sir Hope you are doing well under this pandemic Covid 19 My concern is about the Merit list of DSSSB Nursing Officer post code 3 18 After uploading edossrie we are not getting any updates regarding Joining from dsssb DSSSB Joining NursingOfficer,0.0,Neutral,05
A big salute from armed force to our covid 19 warriors thanks to all warriors,0.1,Positive,05
You may be but indian muslim never accepts india as mother In the cresis of covid 19 particular so called peace community are splitting everywhere for some zihadi purpose Having urinated in vegetable and trying 2 sell is this behaviour unit two community Never,0.16666666666666666,Positive,05
Can t believe I spent RS 10 000 on 31 December 2019 to welcome 2020 StayHome 2020BecauseOfYou Lockdown3 COVID19 coronavirusinindia Covid 19india Covid 19 COVID AUSTRALIAFIRES,0.35000000000000003,Positive,05
UAE is sending 7 tons of medical kits to India to fight the CoronaVirus which will help more than 7 thousand medical staff COVID 19 HFQ news Eng,0.16666666666666666,Positive,05
Madam please provide the formula to Prepare Covid 19 medicine else kindly keep Quite for God Sake,0.6,Positive,05
Indian Police Coffin Dance They Joins The Trend CoffinDance Covid 19india lockdownindia CoronaWarriors,0.0,Neutral,05
State Centre cumulative politics will lead India to red zone thr no sufficient Checking kits and we r moving labours with movement it s shows that COVID 19 spread faster Labour who will fully goes fr work because same work thy don t want back home can be call stranded BS,0.0,Neutral,05
Thanks for information about covid 19,0.2,Positive,05
Good work by covid 19 tea,0.7,Positive,05
Renowned Astrologer BejanDaruwalla Age 88 died in Ahmedabad due to Covid19 He was on ventilator support from last few days RIPLegend RIP satyapal,-0.10833333333333334,Negative,05
Some of the students are in a very poor condition and only eat 1 meal a day Due to COVID19 crisis thier situation is very bad PromoteStudentsSaveFuture,-0.3887499999999999,Negative,05
Ramgarh Respected sir i m a studying in bangalore and came to my hometown Bhurkunda and quarantine in J M college Bhurkunda where there is only two bathroom for more than 100 peoples sir so there is more risk in spreading of covid19 please do something,0.3333333333333333,Positive,05
ZeeWarriors we salute amp pray for the betterment our zee warriors who got infected with Covid19 Shashi,0.0,Neutral,05
sir officials appointed for the covid19 in sahebganj district and blocks are bit irresponsbile for making an proper arrangement for the medical sample test in the quarintine centres Kindly look into the matter and inform the officials,0.2,Positive,05
sir officials appointed for the covid19 in sahebganj district and blocks are bit irresponsbile for making an proper arrangement for the medical sample test in the quarintine centres Kindly look into the matter and inform the officials,0.2,Positive,05
Full form of COVID19 China Organised Virus in December,0.35,Positive,05
I think COVID19 has created disturbance in time zone 1 People are loosing up 2 People are catching up So in which category you lie COVID 19 EconomicCrisis opportunity,0.6,Positive,05
COVID19 MigrantLivesMatter Special economic package is for our labourers farmers honest tax payers MSMEs and cottage industry PM,0.3857142857142857,Positive,05
I salute all Nurses for inspiring us with their dedication and resilience in the ongoing battle against COVID19 Today on InternationalNursesDay let us all thank our nursing staff for this battle which cannot be won without their help at PTPS patratu,0.5,Positive,05
Teacher What is the full form of COVID19 Students China Organized Virus in December 2019,0.35,Positive,05
It seems India is going to get leadership role in Covid 19,0.0,Neutral,05
Efficacy of Homeopathy for COVID19,0.0,Neutral,05
LOCKDOWN TB Risk TB Survivors Activists and NGOs in Jharkhand discussing the impact of COVID19 which is hampering TB services To find a way out and solve the issue in tb JHARKHAND,0.0,Neutral,05
It s very sad and pathetic situation for Homeopathy Most of the state allow Homeopathy for prophylaxis for COVID19 and also for clinical trial Again request to you sir plz allow us to serve the humanity in this crisis time,-0.3833333333333333,Negative,05
We all want to serve in Covid19 Pandemic Please give us a joining as soon as possible DSSSB Joining NursingOfficer,0.0,Neutral,05
Respected sir it s good decision we defeat covid19 in your great leadership,0.75,Positive,05
I recommend Aarogya Setu app to fight against COVID19 Please download and share it using this link Android iOS,0.0,Neutral,05
